audio_0001|Again.,,,
audio_0002|Alert.,,,
audio_0003|All clear.,,,
audio_0004|Always!,,,
audio_0005|Apple slice, please.,,
audio_0006|Approved!,,,
audio_0007|Area secure.,,,
audio_0008|Balcony clear.,,,
audio_0009|Bananas.,,,
audio_0010|Battery ready.,,,
audio_0011|Be gentle.,,,
audio_0012|Berry, please.,,
audio_0013|Black feathers.,,,
audio_0014|Blue feathers.,,,
audio_0015|Brave bird!,,,
audio_0016|Bravo.,,,
audio_0017|Brilliant,,,
audio_0018|Button ready.,,,
audio_0019|Camera ready.,,,
audio_0020|Careful,,,
audio_0021|Certainly!,,,
audio_0022|Cracker,,,
audio_0023|Cracker, please.,,
audio_0024|Curious bird!,,,
audio_0025|Curious today.,,,
audio_0026|Denied.,,,
audio_0027|Desk clear.,,,
audio_0028|Excellent,,,
audio_0029|Faster.,,,
audio_0030|Feathers.,,,
audio_0031|Flutter faster!,,,
audio_0032|Flutter now.,,,
audio_0033|Flutter slowly.,,,
audio_0034|Garage clear.,,,
audio_0035|Garden clear.,,,
audio_0036|Gentle bird!,,,
audio_0037|Glide faster!,,,
audio_0038|Glide now.,,,
audio_0039|Glide slowly.,,,
audio_0040|Go!,,,
audio_0041|Golden feathers.,,,
audio_0042|Good bird.,,,
audio_0043|Grape, please.,,
audio_0044|Grumpy today.,,,
audio_0045|Hallway clear.,,,
audio_0046|Hello,,,
audio_0047|Hey.,,,
audio_0048|Hi.,,,
audio_0049|Hinge ready.,,,
audio_0050|Hold tight.,,,
audio_0051|Hooray!,,,
audio_0052|Hover faster!,,,
audio_0053|Hover now.,,,
audio_0054|Hover slowly.,,,
audio_0055|Hungry,,,
audio_0056|Incoming,,,
audio_0057|Indeed.,,,
audio_0058|Keep watching.,,,
audio_0059|Kitchen clear.,,,
audio_0060|Landing,,,
audio_0061|Lever ready.,,,
audio_0062|Listen.,,,
audio_0063|Look.,,,
audio_0064|Louder.,,,
audio_0065|Maybe.,,,
audio_0066|Mind feathers.,,,
audio_0067|Mission done.,,,
audio_0068|Mission start.,,,
audio_0069|Murmur faster!,,,
audio_0070|Murmur now.,,,
audio_0071|Murmur slowly.,,,
audio_0072|Nervous today.,,,
audio_0073|Never,,,
audio_0074|Nice landing.,,,
audio_0075|Noisy bird!,,,
audio_0076|Not bad.,,,
audio_0077|Oops,,,
audio_0078|Orange feathers.,,,
audio_0079|Peanut, please.,,
audio_0080|Peck faster!,,,
audio_0081|Peck now.,,,
audio_0082|Peck slowly.,,,
audio_0083|Perch,,,
audio_0084|Perch ready.,,,
audio_0085|Playful today.,,,
audio_0086|Quiet.,,,
audio_0087|Ready,,,
audio_0088|Red feathers.,,,
audio_0089|Rice cake, please.,,
audio_0090|Screw ready.,,,
audio_0091|Seeds,,,
audio_0092|Shiny!,,,
audio_0093|Shuffle faster!,,,
audio_0094|Shuffle now.,,,
audio_0095|Shuffle slowly.,,,
audio_0096|Signal.,,,
audio_0097|Silver feathers.,,,
audio_0098|Sleepy bird!,,,
audio_0099|Sleepy today.,,,
audio_0100|Softer.,,,
audio_0101|Sorry,,,
audio_0102|Sparkles.,,,
audio_0103|Sparkly bird!,,,
audio_0104|Stay still.,,,
audio_0105|Steady!,,,
audio_0106|Stop,,,
audio_0107|Surprised today.,,,
audio_0108|Switch ready.,,,
audio_0109|System ready.,,,
audio_0110|Takeoff.,,,
audio_0111|Tiny bird!,,,
audio_0112|Too noisy.,,,
audio_0113|Try again.,,,
audio_0114|Twirl faster!,,,
audio_0115|Twirl now.,,,
audio_0116|Twirl slowly.,,,
audio_0117|Very cheeky.,,,
audio_0118|Very clever.,,,
audio_0119|Very curious.,,,
audio_0120|Very gentle.,,,
audio_0121|Very mighty.,,,
audio_0122|Very noisy.,,,
audio_0123|Very sleepy.,,,
audio_0124|Very sparkly.,,,
audio_0125|Very tiny.,,,
audio_0126|Waffles!,,,
audio_0127|Wait.,,,
audio_0128|Warning!,,,
audio_0129|Water,,,
audio_0130|Well done!,,,
audio_0131|Whistle faster!,,,
audio_0132|Whistle slowly.,,,
audio_0133|White feathers.,,,
audio_0134|Window clear.,,,
audio_0135|Wobble now.,,,
audio_0136|Wobble slowly.,,,
audio_0137|Wonderful.,,,
audio_0138|Workshop clear.,,,
audio_0139|Zoom faster!,,,
audio_0140|Zoom slowly.,,,
audio_0141|Alex left the button open.,,,
audio_0142|Alex left the feather open.,,,
audio_0143|Alex left the screw open.,,,
audio_0144|Alex left the sensor open.,,,
audio_0145|Alex left the switch open.,,,
audio_0146|Avery left the button open.,,,
audio_0147|Avery left the feather open.,,,
audio_0148|Avery left the perch open.,,,
audio_0149|Avery left the screw open.,,,
audio_0150|Avery left the sensor open.,,,
audio_0151|Avery left the switch open.,,,
audio_0152|Casey left the battery open.,,,
audio_0153|Casey left the button open.,,,
audio_0154|Casey left the lever open.,,,
audio_0155|Casey left the perch open.,,,
audio_0156|Casey left the screw open.,,,
audio_0157|Charge the battery.,,,
audio_0158|Check the sensor.,,,
audio_0159|Close the curtain.,,,
audio_0160|Do not touch the battery.,,,
audio_0161|Do not touch the button.,,,
audio_0162|Do not touch the camera.,,,
audio_0163|Do not touch the feather.,,,
audio_0164|Do not touch the hinge.,,,
audio_0165|Do not touch the lever.,,,
audio_0166|Do not touch the screw.,,,
audio_0167|Do not touch the sensor.,,,
audio_0168|Do not touch the switch.,,,
audio_0169|Fluff the feathers.,,,
audio_0170|I can hear the kettle.,,,
audio_0171|I can see the balcony.,,,
audio_0172|I can see the bookshelf.,,,
audio_0173|I can see the desk.,,,
audio_0174|I can see the garage.,,,
audio_0175|I can see the garden.,,,
audio_0176|I can see the hallway.,,,
audio_0177|I can see the kitchen.,,,
audio_0178|I can see the rooftop.,,,
audio_0179|I can see the window.,,,
audio_0180|I can see the workshop.,,,
audio_0181|I found a brave camera.,,,
audio_0182|I found a brave hinge.,,,
audio_0183|I found a brave lever.,,,
audio_0184|I found a brave switch.,,,
audio_0185|I found a cheeky battery.,,,
audio_0186|I found a cheeky button.,,,
audio_0187|I found a cheeky camera.,,,
audio_0188|I found a cheeky hinge.,,,
audio_0189|I found a cheeky lever.,,,
audio_0190|I found a cheeky perch.,,,
audio_0191|I found a cheeky screw.,,,
audio_0192|I found a cheeky switch.,,,
audio_0193|I found a clever battery.,,,
audio_0194|I found a clever button.,,,
audio_0195|I found a clever feather.,,,
audio_0196|I found a clever perch.,,,
audio_0197|I found a clever screw.,,,
audio_0198|I found a clever sensor.,,,
audio_0199|I found a curious button.,,,
audio_0200|I found a curious camera.,,,
audio_0201|I found a curious feather.,,,
audio_0202|I found a curious hinge.,,,
audio_0203|I found a curious lever.,,,
audio_0204|I found a curious screw.,,,
audio_0205|I found a curious switch.,,,
audio_0206|I found a gentle button.,,,
audio_0207|I found a gentle sensor.,,,
audio_0208|I found a mighty battery.,,,
audio_0209|I found a mighty screw.,,,
audio_0210|I found a noisy battery.,,,
audio_0211|I found a noisy button.,,,
audio_0212|I found a noisy hinge.,,,
audio_0213|I found a noisy perch.,,,
audio_0214|I found a noisy screw.,,,
audio_0215|I found a noisy switch.,,,
audio_0216|I found a sleepy battery.,,,
audio_0217|I found a sleepy button.,,,
audio_0218|I found a sleepy feather.,,,
audio_0219|I found a sleepy lever.,,,
audio_0220|I found a sleepy screw.,,,
audio_0221|I found a sparkly battery.,,,
audio_0222|I found a sparkly button.,,,
audio_0223|I found a sparkly camera.,,,
audio_0224|I found a sparkly lever.,,,
audio_0225|I found a sparkly perch.,,,
audio_0226|I found a sparkly switch.,,,
audio_0227|I found a tiny switch.,,,
audio_0228|I hear footsteps.,,,
audio_0229|I smell fresh coffee.,,,
audio_0230|I would like more water.,,,
audio_0231|Jamie left the perch open.,,,
audio_0232|Jamie left the sensor open.,,,
audio_0233|Jordan left the button open.,,,
audio_0234|Jordan left the camera open.,,,
audio_0235|Jordan left the feather open.,,,
audio_0236|Jordan left the perch open.,,,
audio_0237|Jordan left the screw open.,,,
audio_0238|Jordan left the sensor open.,,,
audio_0239|Keep the battery steady.,,,
audio_0240|Keep the button steady.,,,
audio_0241|Keep the camera steady.,,,
audio_0242|Keep the feather steady.,,,
audio_0243|Keep the hinge steady.,,,
audio_0244|Keep the lever steady.,,,
audio_0245|Keep the perch steady.,,,
audio_0246|Keep the sensor steady.,,,
audio_0247|Keep the switch steady.,,,
audio_0248|Keep your balance.,,,
audio_0249|Maya left the button open.,,,
audio_0250|Maya left the hinge open.,,,
audio_0251|Maya left the sensor open.,,,
audio_0252|Maya left the switch open.,,,
audio_0253|Mind the feathers!,,,
audio_0254|Morgan left the battery open.,,,
audio_0255|Morgan left the camera open.,,,
audio_0256|Morgan left the sensor open.,,,
audio_0257|Morgan left the switch open.,,,
audio_0258|My beak feels itchy.,,,
audio_0259|My feathers feel brave today.,,,
audio_0260|My feathers feel cheeky today.,,,
audio_0261|My feathers feel clever today.,,,
audio_0262|My feathers feel curious today.,,,
audio_0263|My feathers feel gentle today.,,,
audio_0264|My feathers feel mighty today.,,,
audio_0265|My feathers feel noisy today.,,,
audio_0266|My feathers feel sleepy today.,,,
audio_0267|My feathers feel sparkly today.,,,
audio_0268|My feathers feel tiny today.,,,
audio_0269|Open the window.,,,
audio_0270|Pass the biscuit.,,,
audio_0271|Please bring almond.,,,
audio_0272|Please bring apple slice.,,,
audio_0273|Please bring berry.,,,
audio_0274|Please bring biscuit.,,,
audio_0275|Please bring cracker.,,,
audio_0276|Please bring grape.,,,
audio_0277|Please bring peanut.,,,
audio_0278|Please bring rice cake.,,,
audio_0279|Please bring sunflower seed.,,,
audio_0280|Please check the black cable.,,,
audio_0281|Please check the blue cable.,,,
audio_0282|Please check the golden cable.,,,
audio_0283|Please check the green cable.,,,
audio_0284|Please check the orange cable.,,,
audio_0285|Please check the red cable.,,,
audio_0286|Please check the silver cable.,,,
audio_0287|Please check the white cable.,,,
audio_0288|Please check the yellow cable.,,,
audio_0289|Please open the snack box.,,,
audio_0290|Polly wants a cracker.,,,
audio_0291|Riley left the camera open.,,,
audio_0292|Riley left the perch open.,,,
audio_0293|Riley left the screw open.,,,
audio_0294|Sam left the battery open.,,,
audio_0295|Sam left the feather open.,,,
audio_0296|Sam left the sensor open.,,,
audio_0297|Sam left the switch open.,,,
audio_0298|Someone is at the door.,,,
audio_0299|Taylor left the perch open.,,,
audio_0300|That looks shiny.,,,
audio_0301|That was a brave landing.,,,
audio_0302|That was a cheeky landing.,,,
audio_0303|That was a clever landing.,,,
audio_0304|That was a curious landing.,,,
audio_0305|That was a gentle landing.,,,
audio_0306|That was a mighty landing.,,,
audio_0307|That was a noisy landing.,,,
audio_0308|That was a sleepy landing.,,,
audio_0309|That was a sparkly landing.,,,
audio_0310|That was a tiny landing.,,,
audio_0311|The balcony feels quiet.,,,
audio_0312|The black light is blinking.,,,
audio_0313|The blue light is blinking.,,,
audio_0314|The bookshelf feels quiet.,,,
audio_0315|The camera is loose.,,,
audio_0316|The desk feels quiet.,,,
audio_0317|The drizzle is getting stronger.,,,
audio_0318|The feather is loose.,,,
audio_0319|The fog is getting stronger.,,,
audio_0320|The garage feels quiet.,,,
audio_0321|The garden feels quiet.,,,
audio_0322|The golden light is blinking.,,,
audio_0323|The green light is blinking.,,,
audio_0324|The hail is getting stronger.,,,
audio_0325|The hallway feels quiet.,,,
audio_0326|The hallway is clear.,,,
audio_0327|The hinge is loose.,,,
audio_0328|The kitchen feels quiet.,,,
audio_0329|The landing was smooth.,,,
audio_0330|The lever is loose.,,,
audio_0331|The mist is getting stronger.,,,
audio_0332|The perch is loose.,,,
audio_0333|The purple light is blinking.,,,
audio_0334|The rain is getting stronger.,,,
audio_0335|The red light is blinking.,,,
audio_0336|The sensor is loose.,,,
audio_0337|The silver light is blinking.,,,
audio_0338|The sky looks bright.,,,
audio_0339|The snow is getting stronger.,,,
audio_0340|The sunshine is getting stronger.,,,
audio_0341|The switch is loose.,,,
audio_0342|The table looks too high.,,,
audio_0343|The thunder is getting stronger.,,,
audio_0344|The white light is blinking.,,,
audio_0345|The wind is getting stronger.,,,
audio_0346|The window feels quiet.,,,
audio_0347|The workshop feels quiet.,,,
audio_0348|The yellow light is blinking.,,,
audio_0349|There is dust on the battery.,,,
audio_0350|There is dust on the button.,,,
audio_0351|There is dust on the camera.,,,
audio_0352|There is dust on the feather.,,,
audio_0353|There is dust on the hinge.,,,
audio_0354|There is dust on the lever.,,,
audio_0355|There is dust on the perch.,,,
audio_0356|There is dust on the screw.,,,
audio_0357|There is dust on the sensor.,,,
audio_0358|There is dust on the switch.,,,
audio_0359|This almond tastes excellent.,,,
audio_0360|This apple slice tastes excellent.,,,
audio_0361|This banana chip tastes excellent.,,,
audio_0362|This berry tastes excellent.,,,
audio_0363|This biscuit tastes excellent.,,,
audio_0364|This cracker tastes excellent.,,,
audio_0365|This grape tastes excellent.,,,
audio_0366|This peanut tastes excellent.,,,
audio_0367|This rice cake tastes excellent.,,,
audio_0368|This room is echoey.,,,
audio_0369|This sunflower seed tastes excellent.,,,
audio_0370|Watch your fingers.,,,
audio_0371|Could you place the almond beside the water bowl for me?,,,
audio_0372|Could you place the apple slice beside the water bowl for me?,,,
audio_0373|Could you place the banana chip beside the water bowl for me?,,,
audio_0374|Could you place the berry beside the water bowl for me?,,,
audio_0375|Could you place the biscuit beside the water bowl for me?,,,
audio_0376|Could you place the cracker beside the water bowl for me?,,,
audio_0377|Could you place the peanut beside the water bowl for me?,,,
audio_0378|Could you place the rice cake beside the water bowl for me?,,,
audio_0379|Could you place the sunflower seed beside the water bowl for me?,,,
audio_0380|I am ready to greet the next visitor.,,,
audio_0381|I am trying to stay still, but that battery looks fascinating.,,
audio_0382|I am trying to stay still, but that button looks fascinating.,,
audio_0383|I am trying to stay still, but that camera looks fascinating.,,
audio_0384|I am trying to stay still, but that feather looks fascinating.,,
audio_0385|I am trying to stay still, but that hinge looks fascinating.,,
audio_0386|I am trying to stay still, but that lever looks fascinating.,,
audio_0387|I am trying to stay still, but that perch looks fascinating.,,
audio_0388|I am trying to stay still, but that screw looks fascinating.,,
audio_0389|I am trying to stay still, but that sensor looks fascinating.,,
audio_0390|I am trying to stay still, but that switch looks fascinating.,,
audio_0391|I can count to 12 if you want to test my timing.,,,
audio_0392|I can count to 15 if you want to test my timing.,,,
audio_0393|I can count to 18 if you want to test my timing.,,,
audio_0394|I can count to 20 if you want to test my timing.,,,
audio_0395|I can count to 24 if you want to test my timing.,,,
audio_0396|I can count to 3 if you want to test my timing.,,,
audio_0397|I can count to 30 if you want to test my timing.,,,
audio_0398|I can count to 4 if you want to test my timing.,,,
audio_0399|I can count to 42 if you want to test my timing.,,,
audio_0400|I can count to 5 if you want to test my timing.,,,
audio_0401|I can count to 57 if you want to test my timing.,,,
audio_0402|I can count to 64 if you want to test my timing.,,,
audio_0403|I can count to 7 if you want to test my timing.,,,
audio_0404|I can count to 75 if you want to test my timing.,,,
audio_0405|I can count to 8 if you want to test my timing.,,,
audio_0406|I can count to 88 if you want to test my timing.,,,
audio_0407|I can count to 99 if you want to test my timing.,,,
audio_0408|I can hear the rain tapping on the window.,,,
audio_0409|I can repeat that message in a calmer voice if needed.,,,
audio_0410|I feel calm when the room gets this quiet.,,,
audio_0411|I feel curious when the room gets this quiet.,,,
audio_0412|I feel excited when the room gets this quiet.,,,
audio_0413|I feel grumpy when the room gets this quiet.,,,
audio_0414|I feel happy when the room gets this quiet.,,,
audio_0415|I feel nervous when the room gets this quiet.,,,
audio_0416|I feel playful when the room gets this quiet.,,,
audio_0417|I feel proud when the room gets this quiet.,,,
audio_0418|I feel sleepy when the room gets this quiet.,,,
audio_0419|I feel surprised when the room gets this quiet.,,,
audio_0420|I heard Alex whisper something about the blue screw.,,,
audio_0421|I heard Alex whisper something about the golden feather.,,,
audio_0422|I heard Alex whisper something about the orange button.,,,
audio_0423|I heard Alex whisper something about the purple lever.,,,
audio_0424|I heard Alex whisper something about the white perch.,,,
audio_0425|I heard Alex whisper something about the white screw.,,,
audio_0426|I heard Alex whisper something about the white switch.,,,
audio_0427|I heard Avery whisper something about the blue sensor.,,,
audio_0428|I heard Avery whisper something about the blue switch.,,,
audio_0429|I heard Avery whisper something about the golden lever.,,,
audio_0430|I heard Avery whisper something about the silver perch.,,,
audio_0431|I heard Casey whisper something about the orange feather.,,,
audio_0432|I heard Casey whisper something about the orange perch.,,,
audio_0433|I heard Jamie whisper something about the purple lever.,,,
audio_0434|I heard Jamie whisper something about the silver sensor.,,,
audio_0435|I heard Jordan whisper something about the black perch.,,,
audio_0436|I heard Jordan whisper something about the blue switch.,,,
audio_0437|I heard Jordan whisper something about the golden lever.,,,
audio_0438|I heard Jordan whisper something about the green camera.,,,
audio_0439|I heard Jordan whisper something about the white switch.,,,
audio_0440|I heard Maya whisper something about the black screw.,,,
audio_0441|I heard Maya whisper something about the green sensor.,,,
audio_0442|I heard Maya whisper something about the orange sensor.,,,
audio_0443|I heard Maya whisper something about the red camera.,,,
audio_0444|I heard Maya whisper something about the white feather.,,,
audio_0445|I heard Maya whisper something about the white hinge.,,,
audio_0446|I heard Maya whisper something about the white perch.,,,
audio_0447|I heard Maya whisper something about the yellow lever.,,,
audio_0448|I heard Morgan whisper something about the black feather.,,,
audio_0449|I heard Morgan whisper something about the black hinge.,,,
audio_0450|I heard Morgan whisper something about the blue lever.,,,
audio_0451|I heard Morgan whisper something about the red switch.,,,
audio_0452|I heard Riley whisper something about the green feather.,,,
audio_0453|I heard Riley whisper something about the red perch.,,,
audio_0454|I heard Riley whisper something about the white feather.,,,
audio_0455|I heard Riley whisper something about the white lever.,,,
audio_0456|I heard Riley whisper something about the yellow sensor.,,,
audio_0457|I heard Sam whisper something about the black button.,,,
audio_0458|I heard Sam whisper something about the golden hinge.,,,
audio_0459|I heard Sam whisper something about the golden screw.,,,
audio_0460|I heard Sam whisper something about the red button.,,,
audio_0461|I heard Taylor whisper something about the black perch.,,,
audio_0462|I heard Taylor whisper something about the blue hinge.,,,
audio_0463|I heard Taylor whisper something about the golden button.,,,
audio_0464|I heard Taylor whisper something about the orange button.,,,
audio_0465|I heard Taylor whisper something about the red lever.,,,
audio_0466|I heard Taylor whisper something about the white camera.,,,
audio_0467|I spotted a black battery near the rooftop a moment ago.,,,
audio_0468|I spotted a black lever near the desk a moment ago.,,,
audio_0469|I spotted a black perch near the desk a moment ago.,,,
audio_0470|I spotted a black screw near the bookshelf a moment ago.,,,
audio_0471|I spotted a blue button near the rooftop a moment ago.,,,
audio_0472|I spotted a blue camera near the window a moment ago.,,,
audio_0473|I spotted a blue lever near the garden a moment ago.,,,
audio_0474|I spotted a blue lever near the workshop a moment ago.,,,
audio_0475|I spotted a golden battery near the workshop a moment ago.,,,
audio_0476|I spotted a golden button near the bookshelf a moment ago.,,,
audio_0477|I spotted a golden screw near the window a moment ago.,,,
audio_0478|I spotted a golden sensor near the bookshelf a moment ago.,,,
audio_0479|I spotted a golden switch near the rooftop a moment ago.,,,
audio_0480|I spotted a green button near the kitchen a moment ago.,,,
audio_0481|I spotted a green button near the workshop a moment ago.,,,
audio_0482|I spotted a green feather near the kitchen a moment ago.,,,
audio_0483|I spotted a green hinge near the window a moment ago.,,,
audio_0484|I spotted a green perch near the garage a moment ago.,,,
audio_0485|I spotted a green sensor near the workshop a moment ago.,,,
audio_0486|I spotted a orange button near the workshop a moment ago.,,,
audio_0487|I spotted a orange lever near the balcony a moment ago.,,,
audio_0488|I spotted a orange sensor near the garden a moment ago.,,,
audio_0489|I spotted a orange sensor near the workshop a moment ago.,,,
audio_0490|I spotted a purple battery near the workshop a moment ago.,,,
audio_0491|I spotted a purple lever near the bookshelf a moment ago.,,,
audio_0492|I spotted a purple lever near the desk a moment ago.,,,
audio_0493|I spotted a purple screw near the garden a moment ago.,,,
audio_0494|I spotted a red button near the window a moment ago.,,,
audio_0495|I spotted a red camera near the desk a moment ago.,,,
audio_0496|I spotted a red camera near the rooftop a moment ago.,,,
audio_0497|I spotted a red hinge near the desk a moment ago.,,,
audio_0498|I spotted a silver button near the window a moment ago.,,,
audio_0499|I spotted a silver camera near the rooftop a moment ago.,,,
audio_0500|I spotted a silver feather near the hallway a moment ago.,,,
audio_0501|I spotted a silver hinge near the bookshelf a moment ago.,,,
audio_0502|I spotted a silver lever near the hallway a moment ago.,,,
audio_0503|I spotted a silver perch near the desk a moment ago.,,,
audio_0504|I spotted a silver sensor near the hallway a moment ago.,,,
audio_0505|I spotted a white button near the balcony a moment ago.,,,
audio_0506|I spotted a white lever near the desk a moment ago.,,,
audio_0507|I spotted a white perch near the desk a moment ago.,,,
audio_0508|I spotted a white perch near the hallway a moment ago.,,,
audio_0509|I spotted a yellow camera near the hallway a moment ago.,,,
audio_0510|I spotted a yellow lever near the rooftop a moment ago.,,,
audio_0511|I spotted a yellow perch near the hallway a moment ago.,,,
audio_0512|I spotted a yellow screw near the kitchen a moment ago.,,,
audio_0513|I spotted a yellow sensor near the hallway a moment ago.,,,
audio_0514|I spotted a yellow sensor near the kitchen a moment ago.,,,
audio_0515|I think someone forgot to close the drawer.,,,
audio_0516|I would prefer a quieter room for practice.,,,
audio_0517|I would rather rest on the perch until the drizzle passes.,,,
audio_0518|I would rather rest on the perch until the fog passes.,,,
audio_0519|I would rather rest on the perch until the hail passes.,,,
audio_0520|I would rather rest on the perch until the heat passes.,,,
audio_0521|I would rather rest on the perch until the mist passes.,,,
audio_0522|I would rather rest on the perch until the rain passes.,,,
audio_0523|I would rather rest on the perch until the snow passes.,,,
audio_0524|I would rather rest on the perch until the sunshine passes.,,,
audio_0525|I would rather rest on the perch until the thunder passes.,,,
audio_0526|I would rather rest on the perch until the wind passes.,,,
audio_0527|Let me try that sentence one more time.,,,
audio_0528|My brave little wings are ready for another practice round.,,,
audio_0529|My cheeky little wings are ready for another practice round.,,,
audio_0530|My clever little wings are ready for another practice round.,,,
audio_0531|My curious little wings are ready for another practice round.,,,
audio_0532|My gentle little wings are ready for another practice round.,,,
audio_0533|My mighty little wings are ready for another practice round.,,,
audio_0534|My noisy little wings are ready for another practice round.,,,
audio_0535|My sleepy little wings are ready for another practice round.,,,
audio_0536|My sparkly little wings are ready for another practice round.,,,
audio_0537|My tiny little wings are ready for another practice round.,,,
audio_0538|My voice sounds clearer when the background fan is switched off.,,,
audio_0539|Please keep the battery level while I inspect it closely.,,,
audio_0540|Please keep the button level while I inspect it closely.,,,
audio_0541|Please keep the camera level while I inspect it closely.,,,
audio_0542|Please keep the feather level while I inspect it closely.,,,
audio_0543|Please keep the hinge level while I inspect it closely.,,,
audio_0544|Please keep the lever level while I inspect it closely.,,,
audio_0545|Please keep the perch level while I inspect it closely.,,,
audio_0546|Please keep the screw level while I inspect it closely.,,,
audio_0547|Please keep the sensor level while I inspect it closely.,,,
audio_0548|Please keep the switch level while I inspect it closely.,,,
audio_0549|Please move the lamp a little to the left.,,,
audio_0550|Please place the toolbox beside the perch.,,,
audio_0551|Please remind Alex to bring the perch before six o'clock.,,,
audio_0552|Please remind Alex to bring the switch before four forty-five.,,,
audio_0553|Please remind Avery to bring the feather before noon.,,,
audio_0554|Please remind Avery to bring the hinge before four forty-five.,,,
audio_0555|Please remind Avery to bring the hinge before three twenty.,,,
audio_0556|Please remind Avery to bring the perch before six o'clock.,,,
audio_0557|Please remind Avery to bring the screw before midnight.,,,
audio_0558|Please remind Avery to bring the switch before four forty-five.,,,
audio_0559|Please remind Casey to bring the camera before six o'clock.,,,
audio_0560|Please remind Casey to bring the camera before three twenty.,,,
audio_0561|Please remind Casey to bring the switch before ten thirty.,,,
audio_0562|Please remind Jamie to bring the battery before five past one.,,,
audio_0563|Please remind Jamie to bring the camera before three twenty.,,,
audio_0564|Please remind Jordan to bring the battery before five past one.,,,
audio_0565|Please remind Jordan to bring the button before three twenty.,,,
audio_0566|Please remind Jordan to bring the camera before four forty-five.,,,
audio_0567|Please remind Jordan to bring the camera before seven fifteen.,,,
audio_0568|Please remind Jordan to bring the camera before six o'clock.,,,
audio_0569|Please remind Jordan to bring the feather before seven fifteen.,,,
audio_0570|Please remind Jordan to bring the hinge before seven fifteen.,,,
audio_0571|Please remind Jordan to bring the screw before half past eight.,,,
audio_0572|Please remind Jordan to bring the switch before five past one.,,,
audio_0573|Please remind Jordan to bring the switch before seven fifteen.,,,
audio_0574|Please remind Maya to bring the hinge before three twenty.,,,
audio_0575|Please remind Maya to bring the lever before four forty-five.,,,
audio_0576|Please remind Maya to bring the perch before midnight.,,,
audio_0577|Please remind Maya to bring the screw before quarter to nine.,,,
audio_0578|Please remind Morgan to bring the camera before noon.,,,
audio_0579|Please remind Morgan to bring the hinge before midnight.,,,
audio_0580|Please remind Morgan to bring the lever before noon.,,,
audio_0581|Please remind Riley to bring the button before ten thirty.,,,
audio_0582|Please remind Riley to bring the screw before seven fifteen.,,,
audio_0583|Please remind Riley to bring the sensor before noon.,,,
audio_0584|Please remind Sam to bring the battery before half past eight.,,,
audio_0585|Please remind Sam to bring the hinge before noon.,,,
audio_0586|Please remind Sam to bring the screw before half past eight.,,,
audio_0587|Please remind Taylor to bring the battery before three twenty.,,,
audio_0588|Please remind Taylor to bring the button before ten thirty.,,,
audio_0589|Please remind Taylor to bring the hinge before midnight.,,,
audio_0590|Please remind Taylor to bring the screw before four forty-five.,,,
audio_0591|Please write down the code before the screen goes dark again.,,,
audio_0592|Tell Alex the feather should not be left in the rain.,,,
audio_0593|Tell Alex the perch should not be left in the rain.,,,
audio_0594|Tell Alex the screw should not be left in the rain.,,,
audio_0595|Tell Alex the switch should not be left in the rain.,,,
audio_0596|Tell Avery the hinge should not be left in the rain.,,,
audio_0597|Tell Avery the sensor should not be left in the rain.,,,
audio_0598|Tell Casey the camera should not be left in the rain.,,,
audio_0599|Tell Casey the perch should not be left in the rain.,,,
audio_0600|Tell Casey the screw should not be left in the rain.,,,
audio_0601|Tell Casey the switch should not be left in the rain.,,,
audio_0602|Tell Jamie the battery should not be left in the rain.,,,
audio_0603|Tell Jamie the sensor should not be left in the rain.,,,
audio_0604|Tell Jordan the camera should not be left in the rain.,,,
audio_0605|Tell Jordan the lever should not be left in the rain.,,,
audio_0606|Tell Maya the battery should not be left in the rain.,,,
audio_0607|Tell Maya the feather should not be left in the rain.,,,
audio_0608|Tell Maya the hinge should not be left in the rain.,,,
audio_0609|Tell Maya the switch should not be left in the rain.,,,
audio_0610|Tell Morgan the hinge should not be left in the rain.,,,
audio_0611|Tell Morgan the switch should not be left in the rain.,,,
audio_0612|Tell Riley the button should not be left in the rain.,,,
audio_0613|Tell Riley the sensor should not be left in the rain.,,,
audio_0614|Tell Sam the feather should not be left in the rain.,,,
audio_0615|Tell Sam the screw should not be left in the rain.,,,
audio_0616|Tell Taylor the button should not be left in the rain.,,,
audio_0617|Tell Taylor the lever should not be left in the rain.,,,
audio_0618|Tell Taylor the perch should not be left in the rain.,,,
audio_0619|Tell Taylor the sensor should not be left in the rain.,,,
audio_0620|That shiny spoon keeps catching my attention.,,,
audio_0621|That was a surprisingly brave turn around the balcony.,,,
audio_0622|That was a surprisingly brave turn around the desk.,,,
audio_0623|That was a surprisingly brave turn around the hallway.,,,
audio_0624|That was a surprisingly brave turn around the kitchen.,,,
audio_0625|That was a surprisingly brave turn around the workshop.,,,
audio_0626|That was a surprisingly cheeky turn around the desk.,,,
audio_0627|That was a surprisingly clever turn around the garden.,,,
audio_0628|That was a surprisingly clever turn around the kitchen.,,,
audio_0629|That was a surprisingly clever turn around the window.,,,
audio_0630|That was a surprisingly clever turn around the workshop.,,,
audio_0631|That was a surprisingly curious turn around the balcony.,,,
audio_0632|That was a surprisingly curious turn around the bookshelf.,,,
audio_0633|That was a surprisingly curious turn around the desk.,,,
audio_0634|That was a surprisingly curious turn around the window.,,,
audio_0635|That was a surprisingly gentle turn around the balcony.,,,
audio_0636|That was a surprisingly gentle turn around the desk.,,,
audio_0637|That was a surprisingly gentle turn around the garden.,,,
audio_0638|That was a surprisingly gentle turn around the window.,,,
audio_0639|That was a surprisingly mighty turn around the bookshelf.,,,
audio_0640|That was a surprisingly mighty turn around the garage.,,,
audio_0641|That was a surprisingly mighty turn around the kitchen.,,,
audio_0642|That was a surprisingly mighty turn around the workshop.,,,
audio_0643|That was a surprisingly noisy turn around the balcony.,,,
audio_0644|That was a surprisingly noisy turn around the bookshelf.,,,
audio_0645|That was a surprisingly noisy turn around the garage.,,,
audio_0646|That was a surprisingly noisy turn around the garden.,,,
audio_0647|That was a surprisingly noisy turn around the kitchen.,,,
audio_0648|That was a surprisingly noisy turn around the window.,,,
audio_0649|That was a surprisingly noisy turn around the workshop.,,,
audio_0650|That was a surprisingly sleepy turn around the balcony.,,,
audio_0651|That was a surprisingly sleepy turn around the rooftop.,,,
audio_0652|That was a surprisingly sleepy turn around the window.,,,
audio_0653|That was a surprisingly sleepy turn around the workshop.,,,
audio_0654|That was a surprisingly sparkly turn around the rooftop.,,,
audio_0655|That was a surprisingly sparkly turn around the window.,,,
audio_0656|That was a surprisingly sparkly turn around the workshop.,,,
audio_0657|That was a surprisingly tiny turn around the desk.,,,
audio_0658|That was a surprisingly tiny turn around the hallway.,,,
audio_0659|That was a surprisingly tiny turn around the workshop.,,,
audio_0660|The balcony smells faintly like toast and machine oil today.,,,
audio_0661|The battery level looks steady this morning.,,,
audio_0662|The bookshelf smells faintly like toast and machine oil today.,,,
audio_0663|The brave breeze through the window keeps lifting my feathers.,,,
audio_0664|The cheeky breeze through the window keeps lifting my feathers.,,,
audio_0665|The clever breeze through the window keeps lifting my feathers.,,,
audio_0666|The curious breeze through the window keeps lifting my feathers.,,,
audio_0667|The desk smells faintly like toast and machine oil today.,,,
audio_0668|The drizzle outside makes the whole balcony sound different.,,,
audio_0669|The drizzle outside makes the whole hallway sound different.,,,
audio_0670|The feathers on my tail need tidying up.,,,
audio_0671|The floor feels slightly uneven near the balcony today.,,,
audio_0672|The floor feels slightly uneven near the bookshelf today.,,,
audio_0673|The floor feels slightly uneven near the desk today.,,,
audio_0674|The floor feels slightly uneven near the garage today.,,,
audio_0675|The floor feels slightly uneven near the hallway today.,,,
audio_0676|The floor feels slightly uneven near the kitchen today.,,,
audio_0677|The floor feels slightly uneven near the rooftop today.,,,
audio_0678|The floor feels slightly uneven near the window today.,,,
audio_0679|The floor feels slightly uneven near the workshop today.,,,
audio_0680|The fog outside makes the whole bookshelf sound different.,,,
audio_0681|The fog outside makes the whole garden sound different.,,,
audio_0682|The fog outside makes the whole window sound different.,,,
audio_0683|The garage smells faintly like toast and machine oil today.,,,
audio_0684|The garden smells faintly like toast and machine oil today.,,,
audio_0685|The gentle breeze through the window keeps lifting my feathers.,,,
audio_0686|The hail outside makes the whole kitchen sound different.,,,
audio_0687|The heat outside makes the whole balcony sound different.,,,
audio_0688|The heat outside makes the whole garage sound different.,,,
audio_0689|The heat outside makes the whole hallway sound different.,,,
audio_0690|The heat outside makes the whole kitchen sound different.,,,
audio_0691|The heat outside makes the whole window sound different.,,,
audio_0692|The indicator changed from green to red after 12 degrees.,,,
audio_0693|The indicator changed from green to red after 12 metres.,,,
audio_0694|The indicator changed from green to red after 12 percent.,,,
audio_0695|The indicator changed from green to red after 12 watts.,,,
audio_0696|The indicator changed from green to red after 15 kilograms.,,,
audio_0697|The indicator changed from green to red after 18 centimetres.,,,
audio_0698|The indicator changed from green to red after 18 degrees.,,,
audio_0699|The indicator changed from green to red after 18 percent.,,,
audio_0700|The indicator changed from green to red after 20 centimetres.,,,
audio_0701|The indicator changed from green to red after 20 kilograms.,,,
audio_0702|The indicator changed from green to red after 20 metres.,,,
audio_0703|The indicator changed from green to red after 20 seconds.,,,
audio_0704|The indicator changed from green to red after 20 volts.,,,
audio_0705|The indicator changed from green to red after 20 watts.,,,
audio_0706|The indicator changed from green to red after 24 degrees.,,,
audio_0707|The indicator changed from green to red after 24 kilograms.,,,
audio_0708|The indicator changed from green to red after 24 seconds.,,,
audio_0709|The indicator changed from green to red after 24 volts.,,,
audio_0710|The indicator changed from green to red after 3 metres.,,,
audio_0711|The indicator changed from green to red after 3 minutes.,,,
audio_0712|The indicator changed from green to red after 3 seconds.,,,
audio_0713|The indicator changed from green to red after 30 centimetres.,,,
audio_0714|The indicator changed from green to red after 30 degrees.,,,
audio_0715|The indicator changed from green to red after 30 grams.,,,
audio_0716|The indicator changed from green to red after 30 minutes.,,,
audio_0717|The indicator changed from green to red after 30 seconds.,,,
audio_0718|The indicator changed from green to red after 30 watts.,,,
audio_0719|The indicator changed from green to red after 4 centimetres.,,,
audio_0720|The indicator changed from green to red after 4 metres.,,,
audio_0721|The indicator changed from green to red after 42 grams.,,,
audio_0722|The indicator changed from green to red after 42 percent.,,,
audio_0723|The indicator changed from green to red after 5 metres.,,,
audio_0724|The indicator changed from green to red after 5 percent.,,,
audio_0725|The indicator changed from green to red after 57 centimetres.,,,
audio_0726|The indicator changed from green to red after 57 metres.,,,
audio_0727|The indicator changed from green to red after 57 volts.,,,
audio_0728|The indicator changed from green to red after 57 watts.,,,
audio_0729|The indicator changed from green to red after 64 grams.,,,
audio_0730|The indicator changed from green to red after 64 metres.,,,
audio_0731|The indicator changed from green to red after 7 degrees.,,,
audio_0732|The indicator changed from green to red after 7 kilograms.,,,
audio_0733|The indicator changed from green to red after 7 seconds.,,,
audio_0734|The indicator changed from green to red after 7 watts.,,,
audio_0735|The indicator changed from green to red after 8 degrees.,,,
audio_0736|The indicator changed from green to red after 8 kilograms.,,,
audio_0737|The indicator changed from green to red after 8 watts.,,,
audio_0738|The indicator changed from green to red after 88 degrees.,,,
audio_0739|The indicator changed from green to red after 88 percent.,,,
audio_0740|The indicator changed from green to red after 88 seconds.,,,
audio_0741|The indicator changed from green to red after 88 volts.,,,
audio_0742|The indicator changed from green to red after 99 centimetres.,,,
audio_0743|The indicator changed from green to red after 99 kilograms.,,,
audio_0744|The indicator changed from green to red after 99 watts.,,,
audio_0745|The kitchen smells faintly like toast and machine oil today.,,,
audio_0746|The mighty breeze through the window keeps lifting my feathers.,,,
audio_0747|The mist outside makes the whole balcony sound different.,,,
audio_0748|The noisy breeze through the window keeps lifting my feathers.,,,
audio_0749|The rain outside makes the whole garage sound different.,,,
audio_0750|The rain outside makes the whole hallway sound different.,,,
audio_0751|The rain outside makes the whole rooftop sound different.,,,
audio_0752|The rain outside makes the whole workshop sound different.,,,
audio_0753|The rooftop smells faintly like toast and machine oil today.,,,
audio_0754|The sleepy breeze through the window keeps lifting my feathers.,,,
audio_0755|The snow outside makes the whole desk sound different.,,,
audio_0756|The snow outside makes the whole garden sound different.,,,
audio_0757|The snow outside makes the whole hallway sound different.,,,
audio_0758|The snow outside makes the whole kitchen sound different.,,,
audio_0759|The snow outside makes the whole workshop sound different.,,,
audio_0760|The sound from the balcony echoes more than usual tonight.,,,
audio_0761|The sound from the bookshelf echoes more than usual tonight.,,,
audio_0762|The sound from the desk echoes more than usual tonight.,,,
audio_0763|The sound from the garage echoes more than usual tonight.,,,
audio_0764|The sound from the garden echoes more than usual tonight.,,,
audio_0765|The sound from the hallway echoes more than usual tonight.,,,
audio_0766|The sound from the kitchen echoes more than usual tonight.,,,
audio_0767|The sound from the rooftop echoes more than usual tonight.,,,
audio_0768|The sound from the window echoes more than usual tonight.,,,
audio_0769|The sound from the workshop echoes more than usual tonight.,,,
audio_0770|The sunshine outside makes the whole garage sound different.,,,
audio_0771|The sunshine outside makes the whole hallway sound different.,,,
audio_0772|The sunshine outside makes the whole rooftop sound different.,,,
audio_0773|The sunshine outside makes the whole window sound different.,,,
audio_0774|The tiny breeze through the window keeps lifting my feathers.,,,
audio_0775|The wind outside makes the whole balcony sound different.,,,
audio_0776|The wind outside makes the whole bookshelf sound different.,,,
audio_0777|The wind outside makes the whole garage sound different.,,,
audio_0778|The window smells faintly like toast and machine oil today.,,,
audio_0779|The workshop smells faintly like toast and machine oil today.,,,
audio_0780|There is a small rattle coming from the black panel.,,,
audio_0781|There is a small rattle coming from the blue panel.,,,
audio_0782|There is a small rattle coming from the golden panel.,,,
audio_0783|There is a small rattle coming from the green panel.,,,
audio_0784|There is a small rattle coming from the orange panel.,,,
audio_0785|There is a small rattle coming from the purple panel.,,,
audio_0786|There is a small rattle coming from the red panel.,,,
audio_0787|There is a small rattle coming from the silver panel.,,,
audio_0788|There is a small rattle coming from the white panel.,,,
audio_0789|There is a small rattle coming from the yellow panel.,,,
audio_0790|This snack tastes better when it is served in tiny pieces.,,,
audio_0791|We should double-check the battery before starting the next routine.,,,
audio_0792|We should double-check the button before starting the next routine.,,,
audio_0793|We should double-check the camera before starting the next routine.,,,
audio_0794|We should double-check the feather before starting the next routine.,,,
audio_0795|We should double-check the hinge before starting the next routine.,,,
audio_0796|We should double-check the lever before starting the next routine.,,,
audio_0797|We should double-check the perch before starting the next routine.,,,
audio_0798|We should double-check the screw before starting the next routine.,,,
audio_0799|We should double-check the sensor before starting the next routine.,,,
audio_0800|We should double-check the switch before starting the next routine.,,,
audio_0801|After 12 degrees of waiting, I began to suspect that the promised banana chip had been delayed, misplaced, or perhaps eaten by someone with remarkably poor manners.
audio_0802|After 12 grams of waiting, I began to suspect that the promised banana chip had been delayed, misplaced, or perhaps eaten by someone with remarkably poor manners.
audio_0803|After 15 watts of waiting, I began to suspect that the promised almond had been delayed, misplaced, or perhaps eaten by someone with remarkably poor manners.
audio_0804|After 18 centimetres of waiting, I began to suspect that the promised peanut had been delayed, misplaced, or perhaps eaten by someone with remarkably poor manners.
audio_0805|After 18 degrees of waiting, I began to suspect that the promised biscuit had been delayed, misplaced, or perhaps eaten by someone with remarkably poor manners.
audio_0806|After 18 grams of waiting, I began to suspect that the promised cracker had been delayed, misplaced, or perhaps eaten by someone with remarkably poor manners.
audio_0807|After 18 percent of waiting, I began to suspect that the promised banana chip had been delayed, misplaced, or perhaps eaten by someone with remarkably poor manners.
audio_0808|After 18 seconds of waiting, I began to suspect that the promised rice cake had been delayed, misplaced, or perhaps eaten by someone with remarkably poor manners.
audio_0809|After 20 percent of waiting, I began to suspect that the promised rice cake had been delayed, misplaced, or perhaps eaten by someone with remarkably poor manners.
audio_0810|After 20 seconds of waiting, I began to suspect that the promised almond had been delayed, misplaced, or perhaps eaten by someone with remarkably poor manners.
audio_0811|After 20 watts of waiting, I began to suspect that the promised almond had been delayed, misplaced, or perhaps eaten by someone with remarkably poor manners.
audio_0812|After 20 watts of waiting, I began to suspect that the promised sunflower seed had been delayed, misplaced, or perhaps eaten by someone with remarkably poor manners.
audio_0813|After 25 degrees of waiting, I began to suspect that the promised rice cake had been delayed, misplaced, or perhaps eaten by someone with remarkably poor manners.
audio_0814|After 25 volts of waiting, I began to suspect that the promised apple slice had been delayed, misplaced, or perhaps eaten by someone with remarkably poor manners.
audio_0815|After 30 metres of waiting, I began to suspect that the promised peanut had been delayed, misplaced, or perhaps eaten by someone with remarkably poor manners.
audio_0816|After 30 volts of waiting, I began to suspect that the promised berry had been delayed, misplaced, or perhaps eaten by someone with remarkably poor manners.
audio_0817|After 30 volts of waiting, I began to suspect that the promised biscuit had been delayed, misplaced, or perhaps eaten by someone with remarkably poor manners.
audio_0818|After 5 degrees of waiting, I began to suspect that the promised rice cake had been delayed, misplaced, or perhaps eaten by someone with remarkably poor manners.
audio_0819|After 7 kilograms of waiting, I began to suspect that the promised apple slice had been delayed, misplaced, or perhaps eaten by someone with remarkably poor manners.
audio_0820|After 7 metres of waiting, I began to suspect that the promised rice cake had been delayed, misplaced, or perhaps eaten by someone with remarkably poor manners.
audio_0821|After 9 kilograms of waiting, I began to suspect that the promised banana chip had been delayed, misplaced, or perhaps eaten by someone with remarkably poor manners.
audio_0822|After 9 metres of waiting, I began to suspect that the promised biscuit had been delayed, misplaced, or perhaps eaten by someone with remarkably poor manners.
audio_0823|After 9 metres of waiting, I began to suspect that the promised grape had been delayed, misplaced, or perhaps eaten by someone with remarkably poor manners.
audio_0824|After 90 centimetres of waiting, I began to suspect that the promised almond had been delayed, misplaced, or perhaps eaten by someone with remarkably poor manners.
audio_0825|After 90 kilograms of waiting, I began to suspect that the promised almond had been delayed, misplaced, or perhaps eaten by someone with remarkably poor manners.
audio_0826|After 90 volts of waiting, I began to suspect that the promised berry had been delayed, misplaced, or perhaps eaten by someone with remarkably poor manners.
audio_0827|Although I appreciate shiny objects in principle, I would still prefer that nobody waves a mysterious battery too close to my face without a calm explanation first.,,
audio_0828|Although I appreciate shiny objects in principle, I would still prefer that nobody waves a mysterious button too close to my face without a calm explanation first.,,
audio_0829|Although I appreciate shiny objects in principle, I would still prefer that nobody waves a mysterious camera too close to my face without a calm explanation first.,,
audio_0830|Although I appreciate shiny objects in principle, I would still prefer that nobody waves a mysterious feather too close to my face without a calm explanation first.,,
audio_0831|Although I appreciate shiny objects in principle, I would still prefer that nobody waves a mysterious hinge too close to my face without a calm explanation first.,,
audio_0832|Although I appreciate shiny objects in principle, I would still prefer that nobody waves a mysterious lever too close to my face without a calm explanation first.,,
audio_0833|Although I appreciate shiny objects in principle, I would still prefer that nobody waves a mysterious sensor too close to my face without a calm explanation first.,,
audio_0834|Although I appreciate shiny objects in principle, I would still prefer that nobody waves a mysterious switch too close to my face without a calm explanation first.,,
audio_0835|As soon as Alex walked into the garage, I noticed the red hinge, the smell of warm toast, and the suspicious silence that usually means somebody forgot an important step.
audio_0836|As soon as Alex walked into the kitchen, I noticed the purple screw, the smell of warm toast, and the suspicious silence that usually means somebody forgot an important step.
audio_0837|As soon as Alex walked into the kitchen, I noticed the yellow screw, the smell of warm toast, and the suspicious silence that usually means somebody forgot an important step.
audio_0838|As soon as Avery walked into the garage, I noticed the golden hinge, the smell of warm toast, and the suspicious silence that usually means somebody forgot an important step.
audio_0839|As soon as Avery walked into the garage, I noticed the red button, the smell of warm toast, and the suspicious silence that usually means somebody forgot an important step.
audio_0840|As soon as Avery walked into the hallway, I noticed the golden feather, the smell of warm toast, and the suspicious silence that usually means somebody forgot an important step.
audio_0841|As soon as Casey walked into the bookshelf, I noticed the yellow screw, the smell of warm toast, and the suspicious silence that usually means somebody forgot an important step.
audio_0842|As soon as Jamie walked into the desk, I noticed the white hinge, the smell of warm toast, and the suspicious silence that usually means somebody forgot an important step.
audio_0843|As soon as Jordan walked into the kitchen, I noticed the red screw, the smell of warm toast, and the suspicious silence that usually means somebody forgot an important step.
audio_0844|As soon as Jordan walked into the window, I noticed the golden battery, the smell of warm toast, and the suspicious silence that usually means somebody forgot an important step.
audio_0845|As soon as Maya walked into the garden, I noticed the green sensor, the smell of warm toast, and the suspicious silence that usually means somebody forgot an important step.
audio_0846|As soon as Maya walked into the rooftop, I noticed the black sensor, the smell of warm toast, and the suspicious silence that usually means somebody forgot an important step.
audio_0847|As soon as Maya walked into the window, I noticed the red switch, the smell of warm toast, and the suspicious silence that usually means somebody forgot an important step.
audio_0848|As soon as Maya walked into the window, I noticed the yellow button, the smell of warm toast, and the suspicious silence that usually means somebody forgot an important step.
audio_0849|As soon as Morgan walked into the bookshelf, I noticed the blue button, the smell of warm toast, and the suspicious silence that usually means somebody forgot an important step.
audio_0850|As soon as Morgan walked into the garden, I noticed the orange camera, the smell of warm toast, and the suspicious silence that usually means somebody forgot an important step.
audio_0851|As soon as Morgan walked into the window, I noticed the green battery, the smell of warm toast, and the suspicious silence that usually means somebody forgot an important step.
audio_0852|As soon as Riley walked into the kitchen, I noticed the orange switch, the smell of warm toast, and the suspicious silence that usually means somebody forgot an important step.
audio_0853|As soon as Riley walked into the kitchen, I noticed the yellow sensor, the smell of warm toast, and the suspicious silence that usually means somebody forgot an important step.
audio_0854|As soon as Sam walked into the balcony, I noticed the green hinge, the smell of warm toast, and the suspicious silence that usually means somebody forgot an important step.
audio_0855|As soon as Sam walked into the garage, I noticed the black button, the smell of warm toast, and the suspicious silence that usually means somebody forgot an important step.
audio_0856|As soon as Sam walked into the rooftop, I noticed the orange switch, the smell of warm toast, and the suspicious silence that usually means somebody forgot an important step.
audio_0857|As soon as Sam walked into the window, I noticed the purple button, the smell of warm toast, and the suspicious silence that usually means somebody forgot an important step.
audio_0858|As soon as Taylor walked into the bookshelf, I noticed the blue battery, the smell of warm toast, and the suspicious silence that usually means somebody forgot an important step.
audio_0859|As soon as Taylor walked into the garage, I noticed the white perch, the smell of warm toast, and the suspicious silence that usually means somebody forgot an important step.
audio_0860|As soon as Taylor walked into the garden, I noticed the black battery, the smell of warm toast, and the suspicious silence that usually means somebody forgot an important step.
audio_0861|As soon as Taylor walked into the garden, I noticed the green battery, the smell of warm toast, and the suspicious silence that usually means somebody forgot an important step.
audio_0862|As soon as Taylor walked into the hallway, I noticed the golden battery, the smell of warm toast, and the suspicious silence that usually means somebody forgot an important step.
audio_0863|As soon as Taylor walked into the hallway, I noticed the golden button, the smell of warm toast, and the suspicious silence that usually means somebody forgot an important step.
audio_0864|As soon as Taylor walked into the hallway, I noticed the red lever, the smell of warm toast, and the suspicious silence that usually means somebody forgot an important step.
audio_0865|By the time we reached the bookshelf, the drizzle had changed, the floor felt cooler, and the whole adventure seemed far more serious than it did at the start.
audio_0866|By the time we reached the bookshelf, the mist had changed, the floor felt cooler, and the whole adventure seemed far more serious than it did at the start.
audio_0867|By the time we reached the bookshelf, the rain had changed, the floor felt cooler, and the whole adventure seemed far more serious than it did at the start.
audio_0868|By the time we reached the desk, the sunshine had changed, the floor felt cooler, and the whole adventure seemed far more serious than it did at the start.
audio_0869|By the time we reached the garage, the heat had changed, the floor felt cooler, and the whole adventure seemed far more serious than it did at the start.
audio_0870|By the time we reached the garden, the hail had changed, the floor felt cooler, and the whole adventure seemed far more serious than it did at the start.
audio_0871|By the time we reached the garden, the rain had changed, the floor felt cooler, and the whole adventure seemed far more serious than it did at the start.
audio_0872|By the time we reached the kitchen, the mist had changed, the floor felt cooler, and the whole adventure seemed far more serious than it did at the start.
audio_0873|By the time we reached the kitchen, the rain had changed, the floor felt cooler, and the whole adventure seemed far more serious than it did at the start.
audio_0874|By the time we reached the kitchen, the thunder had changed, the floor felt cooler, and the whole adventure seemed far more serious than it did at the start.
audio_0875|By the time we reached the kitchen, the wind had changed, the floor felt cooler, and the whole adventure seemed far more serious than it did at the start.
audio_0876|By the time we reached the rooftop, the drizzle had changed, the floor felt cooler, and the whole adventure seemed far more serious than it did at the start.
audio_0877|By the time we reached the rooftop, the sunshine had changed, the floor felt cooler, and the whole adventure seemed far more serious than it did at the start.
audio_0878|By the time we reached the window, the heat had changed, the floor felt cooler, and the whole adventure seemed far more serious than it did at the start.
audio_0879|By the time we reached the workshop, the heat had changed, the floor felt cooler, and the whole adventure seemed far more serious than it did at the start.
audio_0880|By the time we reached the workshop, the mist had changed, the floor felt cooler, and the whole adventure seemed far more serious than it did at the start.
audio_0881|By the time we reached the workshop, the sunshine had changed, the floor felt cooler, and the whole adventure seemed far more serious than it did at the start.
audio_0882|I can be patient for a while, but if the room stays this quiet much longer, I may start narrating the situation just to keep everyone alert and entertained.,
audio_0883|I do not mind repeating myself, but I would appreciate a tiny pause between requests so I can sound graceful instead of startled.,,
audio_0884|I like it when the instructions are clear, the snacks are fresh, and the conversation includes at least one compliment about my exceptionally brave feathers.,
audio_0885|I like it when the instructions are clear, the snacks are fresh, and the conversation includes at least one compliment about my exceptionally cheeky feathers.,
audio_0886|I like it when the instructions are clear, the snacks are fresh, and the conversation includes at least one compliment about my exceptionally clever feathers.,
audio_0887|I like it when the instructions are clear, the snacks are fresh, and the conversation includes at least one compliment about my exceptionally curious feathers.,
audio_0888|I like it when the instructions are clear, the snacks are fresh, and the conversation includes at least one compliment about my exceptionally gentle feathers.,
audio_0889|I like it when the instructions are clear, the snacks are fresh, and the conversation includes at least one compliment about my exceptionally mighty feathers.,
audio_0890|I like it when the instructions are clear, the snacks are fresh, and the conversation includes at least one compliment about my exceptionally noisy feathers.,
audio_0891|I like it when the instructions are clear, the snacks are fresh, and the conversation includes at least one compliment about my exceptionally sleepy feathers.,
audio_0892|I like it when the instructions are clear, the snacks are fresh, and the conversation includes at least one compliment about my exceptionally sparkly feathers.,
audio_0893|I like it when the instructions are clear, the snacks are fresh, and the conversation includes at least one compliment about my exceptionally tiny feathers.,
audio_0894|I remember hearing Alex mention the schedule earlier, but I was distracted by a black reflection on the wall and a completely irresistible urge to investigate it.,,
audio_0895|I remember hearing Alex mention the schedule earlier, but I was distracted by a purple reflection on the wall and a completely irresistible urge to investigate it.,,
audio_0896|I remember hearing Alex mention the schedule earlier, but I was distracted by a red reflection on the wall and a completely irresistible urge to investigate it.,,
audio_0897|I remember hearing Alex mention the schedule earlier, but I was distracted by a white reflection on the wall and a completely irresistible urge to investigate it.,,
audio_0898|I remember hearing Avery mention the schedule earlier, but I was distracted by a blue reflection on the wall and a completely irresistible urge to investigate it.,,
audio_0899|I remember hearing Avery mention the schedule earlier, but I was distracted by a golden reflection on the wall and a completely irresistible urge to investigate it.,,
audio_0900|I remember hearing Avery mention the schedule earlier, but I was distracted by a green reflection on the wall and a completely irresistible urge to investigate it.,,
audio_0901|I remember hearing Avery mention the schedule earlier, but I was distracted by a red reflection on the wall and a completely irresistible urge to investigate it.,,
audio_0902|I remember hearing Casey mention the schedule earlier, but I was distracted by a white reflection on the wall and a completely irresistible urge to investigate it.,,
audio_0903|I remember hearing Jamie mention the schedule earlier, but I was distracted by a black reflection on the wall and a completely irresistible urge to investigate it.,,
audio_0904|I remember hearing Jamie mention the schedule earlier, but I was distracted by a blue reflection on the wall and a completely irresistible urge to investigate it.,,
audio_0905|I remember hearing Jamie mention the schedule earlier, but I was distracted by a green reflection on the wall and a completely irresistible urge to investigate it.,,
audio_0906|I remember hearing Jamie mention the schedule earlier, but I was distracted by a red reflection on the wall and a completely irresistible urge to investigate it.,,
audio_0907|I remember hearing Jamie mention the schedule earlier, but I was distracted by a white reflection on the wall and a completely irresistible urge to investigate it.,,
audio_0908|I remember hearing Jordan mention the schedule earlier, but I was distracted by a blue reflection on the wall and a completely irresistible urge to investigate it.,,
audio_0909|I remember hearing Jordan mention the schedule earlier, but I was distracted by a green reflection on the wall and a completely irresistible urge to investigate it.,,
audio_0910|I remember hearing Jordan mention the schedule earlier, but I was distracted by a red reflection on the wall and a completely irresistible urge to investigate it.,,
audio_0911|I remember hearing Maya mention the schedule earlier, but I was distracted by a black reflection on the wall and a completely irresistible urge to investigate it.,,
audio_0912|I remember hearing Maya mention the schedule earlier, but I was distracted by a blue reflection on the wall and a completely irresistible urge to investigate it.,,
audio_0913|I remember hearing Maya mention the schedule earlier, but I was distracted by a golden reflection on the wall and a completely irresistible urge to investigate it.,,
audio_0914|I remember hearing Maya mention the schedule earlier, but I was distracted by a green reflection on the wall and a completely irresistible urge to investigate it.,,
audio_0915|I remember hearing Maya mention the schedule earlier, but I was distracted by a purple reflection on the wall and a completely irresistible urge to investigate it.,,
audio_0916|I remember hearing Maya mention the schedule earlier, but I was distracted by a red reflection on the wall and a completely irresistible urge to investigate it.,,
audio_0917|I remember hearing Maya mention the schedule earlier, but I was distracted by a yellow reflection on the wall and a completely irresistible urge to investigate it.,,
audio_0918|I remember hearing Morgan mention the schedule earlier, but I was distracted by a black reflection on the wall and a completely irresistible urge to investigate it.,,
audio_0919|I remember hearing Morgan mention the schedule earlier, but I was distracted by a orange reflection on the wall and a completely irresistible urge to investigate it.,,
audio_0920|I remember hearing Morgan mention the schedule earlier, but I was distracted by a purple reflection on the wall and a completely irresistible urge to investigate it.,,
audio_0921|I remember hearing Morgan mention the schedule earlier, but I was distracted by a silver reflection on the wall and a completely irresistible urge to investigate it.,,
audio_0922|I remember hearing Morgan mention the schedule earlier, but I was distracted by a white reflection on the wall and a completely irresistible urge to investigate it.,,
audio_0923|I remember hearing Morgan mention the schedule earlier, but I was distracted by a yellow reflection on the wall and a completely irresistible urge to investigate it.,,
audio_0924|I remember hearing Riley mention the schedule earlier, but I was distracted by a black reflection on the wall and a completely irresistible urge to investigate it.,,
audio_0925|I remember hearing Riley mention the schedule earlier, but I was distracted by a orange reflection on the wall and a completely irresistible urge to investigate it.,,
audio_0926|I remember hearing Riley mention the schedule earlier, but I was distracted by a silver reflection on the wall and a completely irresistible urge to investigate it.,,
audio_0927|I remember hearing Riley mention the schedule earlier, but I was distracted by a yellow reflection on the wall and a completely irresistible urge to investigate it.,,
audio_0928|I remember hearing Sam mention the schedule earlier, but I was distracted by a blue reflection on the wall and a completely irresistible urge to investigate it.,,
audio_0929|I remember hearing Sam mention the schedule earlier, but I was distracted by a golden reflection on the wall and a completely irresistible urge to investigate it.,,
audio_0930|I remember hearing Sam mention the schedule earlier, but I was distracted by a red reflection on the wall and a completely irresistible urge to investigate it.,,
audio_0931|I remember hearing Sam mention the schedule earlier, but I was distracted by a white reflection on the wall and a completely irresistible urge to investigate it.,,
audio_0932|I remember hearing Sam mention the schedule earlier, but I was distracted by a yellow reflection on the wall and a completely irresistible urge to investigate it.,,
audio_0933|I remember hearing Taylor mention the schedule earlier, but I was distracted by a black reflection on the wall and a completely irresistible urge to investigate it.,,
audio_0934|I remember hearing Taylor mention the schedule earlier, but I was distracted by a orange reflection on the wall and a completely irresistible urge to investigate it.,,
audio_0935|I was feeling quite calm until the hinge made a tiny clicking noise, at which point I decided that a careful inspection from a safe distance was the wiser option.,,
audio_0936|I was feeling quite calm until the perch made a tiny clicking noise, at which point I decided that a careful inspection from a safe distance was the wiser option.,,
audio_0937|I was feeling quite calm until the screw made a tiny clicking noise, at which point I decided that a careful inspection from a safe distance was the wiser option.,,
audio_0938|I was feeling quite calm until the sensor made a tiny clicking noise, at which point I decided that a careful inspection from a safe distance was the wiser option.,,
audio_0939|I was feeling quite curious until the battery made a tiny clicking noise, at which point I decided that a careful inspection from a safe distance was the wiser option.,,
audio_0940|I was feeling quite curious until the camera made a tiny clicking noise, at which point I decided that a careful inspection from a safe distance was the wiser option.,,
audio_0941|I was feeling quite curious until the hinge made a tiny clicking noise, at which point I decided that a careful inspection from a safe distance was the wiser option.,,
audio_0942|I was feeling quite curious until the screw made a tiny clicking noise, at which point I decided that a careful inspection from a safe distance was the wiser option.,,
audio_0943|I was feeling quite curious until the sensor made a tiny clicking noise, at which point I decided that a careful inspection from a safe distance was the wiser option.,,
audio_0944|I was feeling quite excited until the feather made a tiny clicking noise, at which point I decided that a careful inspection from a safe distance was the wiser option.,,
audio_0945|I was feeling quite excited until the sensor made a tiny clicking noise, at which point I decided that a careful inspection from a safe distance was the wiser option.,,
audio_0946|I was feeling quite excited until the switch made a tiny clicking noise, at which point I decided that a careful inspection from a safe distance was the wiser option.,,
audio_0947|I was feeling quite grumpy until the button made a tiny clicking noise, at which point I decided that a careful inspection from a safe distance was the wiser option.,,
audio_0948|I was feeling quite happy until the battery made a tiny clicking noise, at which point I decided that a careful inspection from a safe distance was the wiser option.,,
audio_0949|I was feeling quite happy until the camera made a tiny clicking noise, at which point I decided that a careful inspection from a safe distance was the wiser option.,,
audio_0950|I was feeling quite happy until the hinge made a tiny clicking noise, at which point I decided that a careful inspection from a safe distance was the wiser option.,,
audio_0951|I was feeling quite happy until the lever made a tiny clicking noise, at which point I decided that a careful inspection from a safe distance was the wiser option.,,
audio_0952|I was feeling quite happy until the perch made a tiny clicking noise, at which point I decided that a careful inspection from a safe distance was the wiser option.,,
audio_0953|I was feeling quite nervous until the hinge made a tiny clicking noise, at which point I decided that a careful inspection from a safe distance was the wiser option.,,
audio_0954|I was feeling quite nervous until the lever made a tiny clicking noise, at which point I decided that a careful inspection from a safe distance was the wiser option.,,
audio_0955|I was feeling quite nervous until the switch made a tiny clicking noise, at which point I decided that a careful inspection from a safe distance was the wiser option.,,
audio_0956|I was feeling quite playful until the camera made a tiny clicking noise, at which point I decided that a careful inspection from a safe distance was the wiser option.,,
audio_0957|I was feeling quite playful until the switch made a tiny clicking noise, at which point I decided that a careful inspection from a safe distance was the wiser option.,,
audio_0958|I was feeling quite proud until the lever made a tiny clicking noise, at which point I decided that a careful inspection from a safe distance was the wiser option.,,
audio_0959|I was feeling quite sleepy until the battery made a tiny clicking noise, at which point I decided that a careful inspection from a safe distance was the wiser option.,,
audio_0960|I was feeling quite sleepy until the perch made a tiny clicking noise, at which point I decided that a careful inspection from a safe distance was the wiser option.,,
audio_0961|I was halfway through a perfectly dramatic announcement when somebody opened the biscuit tin, and naturally I lost my train of thought immediately.,,
audio_0962|If you ask me to repeat the same line again, I can do it more softly, more brightly, or with a wonderfully theatrical pause right before the important word.
audio_0963|If you leave the shiny screwdriver on the table, I will stare at it with deep concern until someone either moves it or explains why it is there.,,
audio_0964|Please make sure the battery is secured properly, because I would rather not deliver my next grand speech while wobbling dramatically beside the garage.,,
audio_0965|Please make sure the battery is secured properly, because I would rather not deliver my next grand speech while wobbling dramatically beside the workshop.,,
audio_0966|Please make sure the button is secured properly, because I would rather not deliver my next grand speech while wobbling dramatically beside the desk.,,
audio_0967|Please make sure the button is secured properly, because I would rather not deliver my next grand speech while wobbling dramatically beside the garage.,,
audio_0968|Please make sure the camera is secured properly, because I would rather not deliver my next grand speech while wobbling dramatically beside the garage.,,
audio_0969|Please make sure the camera is secured properly, because I would rather not deliver my next grand speech while wobbling dramatically beside the garden.,,
audio_0970|Please make sure the camera is secured properly, because I would rather not deliver my next grand speech while wobbling dramatically beside the kitchen.,,
audio_0971|Please make sure the feather is secured properly, because I would rather not deliver my next grand speech while wobbling dramatically beside the balcony.,,
audio_0972|Please make sure the feather is secured properly, because I would rather not deliver my next grand speech while wobbling dramatically beside the hallway.,,
audio_0973|Please make sure the hinge is secured properly, because I would rather not deliver my next grand speech while wobbling dramatically beside the bookshelf.,,
audio_0974|Please make sure the hinge is secured properly, because I would rather not deliver my next grand speech while wobbling dramatically beside the garage.,,
audio_0975|Please make sure the hinge is secured properly, because I would rather not deliver my next grand speech while wobbling dramatically beside the hallway.,,
audio_0976|Please make sure the hinge is secured properly, because I would rather not deliver my next grand speech while wobbling dramatically beside the workshop.,,
audio_0977|Please make sure the lever is secured properly, because I would rather not deliver my next grand speech while wobbling dramatically beside the bookshelf.,,
audio_0978|Please make sure the lever is secured properly, because I would rather not deliver my next grand speech while wobbling dramatically beside the window.,,
audio_0979|Please make sure the perch is secured properly, because I would rather not deliver my next grand speech while wobbling dramatically beside the balcony.,,
audio_0980|Please make sure the perch is secured properly, because I would rather not deliver my next grand speech while wobbling dramatically beside the desk.,,
audio_0981|Please make sure the perch is secured properly, because I would rather not deliver my next grand speech while wobbling dramatically beside the kitchen.,,
audio_0982|Please make sure the perch is secured properly, because I would rather not deliver my next grand speech while wobbling dramatically beside the rooftop.,,
audio_0983|Please make sure the screw is secured properly, because I would rather not deliver my next grand speech while wobbling dramatically beside the garden.,,
audio_0984|Please make sure the sensor is secured properly, because I would rather not deliver my next grand speech while wobbling dramatically beside the bookshelf.,,
audio_0985|Please make sure the switch is secured properly, because I would rather not deliver my next grand speech while wobbling dramatically beside the balcony.,,
audio_0986|Please make sure the switch is secured properly, because I would rather not deliver my next grand speech while wobbling dramatically beside the desk.,,
audio_0987|Please make sure the switch is secured properly, because I would rather not deliver my next grand speech while wobbling dramatically beside the rooftop.,,
audio_0988|Please make sure the switch is secured properly, because I would rather not deliver my next grand speech while wobbling dramatically beside the window.,,
audio_0989|Some days the world feels enormous, even from a perch by the window, especially when the clouds move quickly and every sound in the house seems to echo back at me.,
audio_0990|The best kind of morning begins with a clean perch, a full water dish, a little sunshine on the windowsill, and absolutely no unexpected vacuum cleaners.
audio_0991|The little light on the panel flickered twice, the fan gave a tired sigh, and I knew at once that somebody should probably inspect the system before it became grumpy.,
audio_0992|The truth is that I enjoy a bit of ceremony, so a proper greeting, a confident pause, and a cheerful ending always make the message sound better to my ears.
audio_0993|There is something deeply satisfying about a tidy balcony, a polished button, and a plan that does not involve anyone rushing around at the last possible second.,
audio_0994|There is something deeply satisfying about a tidy balcony, a polished feather, and a plan that does not involve anyone rushing around at the last possible second.,
audio_0995|There is something deeply satisfying about a tidy balcony, a polished screw, and a plan that does not involve anyone rushing around at the last possible second.,
audio_0996|There is something deeply satisfying about a tidy balcony, a polished sensor, and a plan that does not involve anyone rushing around at the last possible second.,
audio_0997|There is something deeply satisfying about a tidy bookshelf, a polished perch, and a plan that does not involve anyone rushing around at the last possible second.,
audio_0998|There is something deeply satisfying about a tidy bookshelf, a polished screw, and a plan that does not involve anyone rushing around at the last possible second.,
audio_0999|There is something deeply satisfying about a tidy bookshelf, a polished sensor, and a plan that does not involve anyone rushing around at the last possible second.,
audio_1000|There is something deeply satisfying about a tidy bookshelf, a polished switch, and a plan that does not involve anyone rushing around at the last possible second.,
audio_1001|There is something deeply satisfying about a tidy desk, a polished button, and a plan that does not involve anyone rushing around at the last possible second.,
audio_1002|There is something deeply satisfying about a tidy desk, a polished feather, and a plan that does not involve anyone rushing around at the last possible second.,
audio_1003|There is something deeply satisfying about a tidy desk, a polished lever, and a plan that does not involve anyone rushing around at the last possible second.,
audio_1004|There is something deeply satisfying about a tidy desk, a polished sensor, and a plan that does not involve anyone rushing around at the last possible second.,
audio_1005|There is something deeply satisfying about a tidy garage, a polished sensor, and a plan that does not involve anyone rushing around at the last possible second.,
audio_1006|There is something deeply satisfying about a tidy garden, a polished button, and a plan that does not involve anyone rushing around at the last possible second.,
audio_1007|There is something deeply satisfying about a tidy garden, a polished lever, and a plan that does not involve anyone rushing around at the last possible second.,
audio_1008|There is something deeply satisfying about a tidy garden, a polished sensor, and a plan that does not involve anyone rushing around at the last possible second.,
audio_1009|There is something deeply satisfying about a tidy garden, a polished switch, and a plan that does not involve anyone rushing around at the last possible second.,
audio_1010|There is something deeply satisfying about a tidy hallway, a polished screw, and a plan that does not involve anyone rushing around at the last possible second.,
audio_1011|There is something deeply satisfying about a tidy hallway, a polished switch, and a plan that does not involve anyone rushing around at the last possible second.,
audio_1012|There is something deeply satisfying about a tidy kitchen, a polished battery, and a plan that does not involve anyone rushing around at the last possible second.,
audio_1013|There is something deeply satisfying about a tidy rooftop, a polished button, and a plan that does not involve anyone rushing around at the last possible second.,
audio_1014|There is something deeply satisfying about a tidy rooftop, a polished feather, and a plan that does not involve anyone rushing around at the last possible second.,
audio_1015|There is something deeply satisfying about a tidy rooftop, a polished switch, and a plan that does not involve anyone rushing around at the last possible second.,
audio_1016|There is something deeply satisfying about a tidy window, a polished battery, and a plan that does not involve anyone rushing around at the last possible second.,
audio_1017|There is something deeply satisfying about a tidy window, a polished sensor, and a plan that does not involve anyone rushing around at the last possible second.,
audio_1018|There is something deeply satisfying about a tidy workshop, a polished feather, and a plan that does not involve anyone rushing around at the last possible second.,
audio_1019|There is something deeply satisfying about a tidy workshop, a polished hinge, and a plan that does not involve anyone rushing around at the last possible second.,
audio_1020|There is something deeply satisfying about a tidy workshop, a polished switch, and a plan that does not involve anyone rushing around at the last possible second.,
audio_1021|When the room finally falls quiet, I can hear the faint hum of the charger, the ticking of the clock, and the soft rustle of my feathers settling back into place.
audio_1022|Whenever the drizzle starts outside, I like to sit very still, listen to the changing rhythm against the window, and imagine I am giving a weather report to the whole house.
audio_1023|Whenever the fog starts outside, I like to sit very still, listen to the changing rhythm against the window, and imagine I am giving a weather report to the whole house.
audio_1024|Whenever the hail starts outside, I like to sit very still, listen to the changing rhythm against the window, and imagine I am giving a weather report to the whole house.
audio_1025|Whenever the heat starts outside, I like to sit very still, listen to the changing rhythm against the window, and imagine I am giving a weather report to the whole house.
audio_1026|Whenever the mist starts outside, I like to sit very still, listen to the changing rhythm against the window, and imagine I am giving a weather report to the whole house.
audio_1027|Whenever the rain starts outside, I like to sit very still, listen to the changing rhythm against the window, and imagine I am giving a weather report to the whole house.
audio_1028|Whenever the snow starts outside, I like to sit very still, listen to the changing rhythm against the window, and imagine I am giving a weather report to the whole house.
audio_1029|Whenever the thunder starts outside, I like to sit very still, listen to the changing rhythm against the window, and imagine I am giving a weather report to the whole house.
audio_1030|Whenever the wind starts outside, I like to sit very still, listen to the changing rhythm against the window, and imagine I am giving a weather report to the whole house.
audio_1031|Are the feathers on my left wing out of place?,,,
audio_1032|Are you ready?,,,
audio_1033|Can you hear me clearly?,,,
audio_1034|Can you move the battery away from the bookshelf?,,,
audio_1035|Can you move the battery away from the garden?,,,
audio_1036|Can you move the button away from the balcony?,,,
audio_1037|Can you move the button away from the garden?,,,
audio_1038|Can you move the button away from the hallway?,,,
audio_1039|Can you move the camera away from the hallway?,,,
audio_1040|Can you move the camera away from the kitchen?,,,
audio_1041|Can you move the camera away from the window?,,,
audio_1042|Can you move the camera away from the workshop?,,,
audio_1043|Can you move the feather away from the hallway?,,,
audio_1044|Can you move the perch away from the bookshelf?,,,
audio_1045|Can you move the perch away from the hallway?,,,
audio_1046|Can you move the screw away from the balcony?,,,
audio_1047|Can you move the screw away from the garden?,,,
audio_1048|Can you move the screw away from the hallway?,,,
audio_1049|Can you move the sensor away from the balcony?,,,
audio_1050|Can you move the sensor away from the desk?,,,
audio_1051|Can you move the sensor away from the hallway?,,,
audio_1052|Could you check whether the signal is above 20 percent?,,,
audio_1053|Could you check whether the signal is above 25 percent?,,,
audio_1054|Could you check whether the signal is above 30 percent?,,,
audio_1055|Could you check whether the signal is above 40 percent?,,,
audio_1056|Could you check whether the signal is above 50 percent?,,,
audio_1057|Could you check whether the signal is above 90 percent?,,,
audio_1058|Did Alex leave the golden screw on the table?,,,
audio_1059|Did Avery leave the golden feather on the table?,,,
audio_1060|Did Avery leave the purple screw on the table?,,,
audio_1061|Did Avery leave the white sensor on the table?,,,
audio_1062|Did Jamie leave the orange screw on the table?,,,
audio_1063|Did Jamie leave the white sensor on the table?,,,
audio_1064|Did Jordan leave the white camera on the table?,,,
audio_1065|Did Maya leave the green hinge on the table?,,,
audio_1066|Did Maya leave the silver camera on the table?,,,
audio_1067|Did Morgan leave the purple lever on the table?,,,
audio_1068|Did Morgan leave the purple perch on the table?,,,
audio_1069|Did Morgan leave the white lever on the table?,,,
audio_1070|Did Riley leave the blue lever on the table?,,,
audio_1071|Did Riley leave the yellow switch on the table?,,,
audio_1072|Did Taylor leave the green switch on the table?,,,
audio_1073|Did Taylor leave the orange battery on the table?,,,
audio_1074|Did you bring the cracker?,,,
audio_1075|Do you think this button needs charging?,,,
audio_1076|Do you think this camera needs charging?,,,
audio_1077|Do you think this hinge needs charging?,,,
audio_1078|Do you think this lever needs charging?,,,
audio_1079|Do you think this perch needs charging?,,,
audio_1080|Do you think this screw needs charging?,,,
audio_1081|Do you think this switch needs charging?,,,
audio_1082|Has anyone seen my curious little water dish?,,,
audio_1083|Has anyone seen my gentle little water dish?,,,
audio_1084|Has anyone seen my noisy little water dish?,,,
audio_1085|Has anyone seen my sleepy little water dish?,,,
audio_1086|Has anyone seen my sparkly little water dish?,,,
audio_1087|Has anyone seen my tiny little water dish?,,,
audio_1088|Is it raining again?,,,
audio_1089|Is the battery fully charged?,,,
audio_1090|Is the snack box still full of banana chip?,,,
audio_1091|Is the snack box still full of berry?,,,
audio_1092|Is the snack box still full of cracker?,,,
audio_1093|Is the snack box still full of rice cake?,,,
audio_1094|Is the snack box still full of sunflower seed?,,,
audio_1095|May I perch by the balcony for a while?,,,
audio_1096|May I perch by the bookshelf for a while?,,,
audio_1097|May I perch by the garage for a while?,,,
audio_1098|May I perch by the garden for a while?,,,
audio_1099|May I perch by the hallway for a while?,,,
audio_1100|May I perch by the workshop for a while?,,,
audio_1101|Should I repeat that slowly?,,,
audio_1102|Should I wait until five past one before repeating the message?,,,
audio_1103|Should I wait until four forty-five before repeating the message?,,,
audio_1104|Should I wait until half past eight before repeating the message?,,,
audio_1105|Should I wait until seven fifteen before repeating the message?,,,
audio_1106|Should I wait until six o'clock before repeating the message?,,,
audio_1107|Should I wait until ten thirty before repeating the message?,,,
audio_1108|Should I wait until three twenty before repeating the message?,,,
audio_1109|Where did the shiny button go?,,,
audio_1110|Who moved my perch?,,,
audio_1111|Why does the balcony sound louder during the mist?,,,
audio_1112|Why does the balcony sound louder during the wind?,,,
audio_1113|Why does the bookshelf sound louder during the hail?,,,
audio_1114|Why does the bookshelf sound louder during the heat?,,,
audio_1115|Why does the bookshelf sound louder during the sunshine?,,,
audio_1116|Why does the garage sound louder during the rain?,,,
audio_1117|Why does the garden sound louder during the wind?,,,
audio_1118|Why does the kitchen sound louder during the heat?,,,
audio_1119|Why does the kitchen sound louder during the mist?,,,
audio_1120|Why does the rooftop sound louder during the snow?,,,
audio_1121|Why does the window sound louder during the fog?,,,
audio_1122|Why is that light blinking?,,,
audio_1123|Would it help if I said that in a brave voice?,,,
audio_1124|Would it help if I said that in a cheeky voice?,,,
audio_1125|Would it help if I said that in a gentle voice?,,,
audio_1126|Would it help if I said that in a mighty voice?,,,
audio_1127|Would it help if I said that in a noisy voice?,,,
audio_1128|Would it help if I said that in a sparkly voice?,,,
audio_1129|Would you like another greeting?,,,
audio_1130|Would you prefer a shorter sentence this time?,,,
audio_1131|Bring me the apple slice!,,,
audio_1132|Bring me the banana chip!,,,
audio_1133|Bring me the berry!,,,
audio_1134|Bring me the cracker!,,,
audio_1135|Bring me the grape!,,,
audio_1136|Bring me the rice cake!,,,
audio_1137|Bring me the sunflower seed!,,,
audio_1138|Clear the runway!,,,
audio_1139|Do not touch that lever!,,,
audio_1140|Everybody stay calm!,,,
audio_1141|Here comes the fog!,,,
audio_1142|Here comes the hail!,,,
audio_1143|Here comes the heat!,,,
audio_1144|Here comes the mist!,,,
audio_1145|Here comes the rain!,,,
audio_1146|Here comes the snow!,,,
audio_1147|Here comes the sunshine!,,,
audio_1148|Here comes the thunder!,,,
audio_1149|Incoming message!,,,
audio_1150|Keep the noise down!,,,
audio_1151|Look out below!,,,
audio_1152|Mind the black cable!,,,
audio_1153|Mind the orange cable!,,,
audio_1154|Mind the purple cable!,,,
audio_1155|Mind the silver cable!,,,
audio_1156|Nobody panic just yet!,,,
audio_1157|Open the hatch now!,,,
audio_1158|Please hold the button steady!,,,
audio_1159|Please hold the camera steady!,,,
audio_1160|Please hold the feather steady!,,,
audio_1161|Please hold the lever steady!,,,
audio_1162|Please hold the perch steady!,,,
audio_1163|Please hold the switch steady!,,,
audio_1164|Secure the balcony!,,,
audio_1165|Secure the bookshelf!,,,
audio_1166|Secure the kitchen!,,,
audio_1167|Secure the rooftop!,,,
audio_1168|Secure the workshop!,,,
audio_1169|Stand clear of the perch!,,,
audio_1170|That is a brave idea!,,,
audio_1171|That is a cheeky idea!,,,
audio_1172|That is a curious idea!,,,
audio_1173|That is a gentle idea!,,,
audio_1174|That is a sparkly idea!,,,
audio_1175|That is a tiny idea!,,,
audio_1176|That landing was brave!,,,
audio_1177|That landing was cheeky!,,,
audio_1178|That landing was clever!,,,
audio_1179|That landing was gentle!,,,
audio_1180|That landing was mighty!,,,
audio_1181|That landing was sparkly!,,,
audio_1182|That landing was tiny!,,,
audio_1183|That snack is mine!,,,
audio_1184|That was brilliant!,,,
audio_1185|Watch the battery!,,,
audio_1186|Watch the button!,,,
audio_1187|Watch the hinge!,,,
audio_1188|Watch the sensor!,,,
audio_1189|Watch the switch!,,,
audio_1190|What a perfect landing!,,,
audio_1191|Battery level is 0 percent.,,,
audio_1192|Battery level is 1 percent.,,,
audio_1193|Battery level is 10 percent.,,,
audio_1194|Battery level is 11 percent.,,,
audio_1195|Battery level is 12 percent.,,,
audio_1196|Battery level is 15 percent.,,,
audio_1197|Battery level is 2 percent.,,,
audio_1198|Battery level is 20 percent.,,,
audio_1199|Battery level is 3 percent.,,,
audio_1200|Battery level is 4 percent.,,,
audio_1201|Battery level is 5 percent.,,,
audio_1202|Battery level is 6 percent.,,,
audio_1203|Battery level is 7 percent.,,,
audio_1204|Battery level is 8 percent.,,,
audio_1205|Battery level is 9 percent.,,,
audio_1206|Channel 4 is active.,,,
audio_1207|Checkpoint 3 is complete.,,,
audio_1208|Checkpoint 6 is now active.,,,
audio_1209|Checkpoint 7 is now active.,,,
audio_1210|I counted 18 blinking lights.,,,
audio_1211|It is five past one.,,,
audio_1212|It is quarter to nine.,,,
audio_1213|My perch is 25 centimetres wide.,,,
audio_1214|Please hold for 5 seconds.,,,
audio_1215|Please read line 14 again.,,,
audio_1216|Please wait for 15 seconds.,,,
audio_1217|Set a timer for 2 minutes.,,,
audio_1218|Signal strength is 33 percent.,,,
audio_1219|Signal strength is 58 percent.,,,
audio_1220|The alarm rings at half past eight.,,,
audio_1221|The code is 4 7 2 9.,,,
audio_1222|The date is 16 March.,,,
audio_1223|The distance is 3 metres.,,,
audio_1224|The meeting starts at seven fifteen.,,,
audio_1225|The motor uses 20 watts.,,,
audio_1226|The package weighs 750 grams.,,,
audio_1227|The panel draws 5 volts.,,,
audio_1228|The reading has reached 14 kilograms.,,,
audio_1229|The reading has reached 19 centimetres.,,,
audio_1230|The reading has reached 26 centimetres.,,,
audio_1231|The report is dated 3 April.,,,
audio_1232|The temperature is 21 degrees.,,,
audio_1233|The timer is set for 15 minutes.,,,
audio_1234|The timer is set for 7 minutes.,,,
audio_1235|The window opened by 5 centimetres.,,,
audio_1236|Today is Monday.,,,
audio_1237|Tomorrow is Tuesday.,,,
audio_1238|Version 2 point 1 is ready.,,,
audio_1239|We have 60 seconds remaining.,,,
audio_1240|We recorded 12 samples today.,,,
audio_1241|A truly professional bird would inspect the battery and then demand a snack.,,,
audio_1242|A truly professional bird would inspect the hinge and then demand a snack.,,,
audio_1243|A truly professional bird would inspect the switch and then demand a snack.,,,
audio_1244|Every grand performance is improved by a pause, a confident look, and a slightly brave tilt of the head.,
audio_1245|Every grand performance is improved by a pause, a confident look, and a slightly cheeky tilt of the head.,
audio_1246|Every grand performance is improved by a pause, a confident look, and a slightly mighty tilt of the head.,
audio_1247|Every grand performance is improved by a pause, a confident look, and a slightly sparkly tilt of the head.,
audio_1248|Every grand performance is improved by a pause, a confident look, and a slightly tiny tilt of the head.,
audio_1249|I am not dramatic, I am expressive.,,
audio_1250|I am trying to look dignified, but that fog keeps ruffling my tail.,,
audio_1251|I am trying to look dignified, but that hail keeps ruffling my tail.,,
audio_1252|I am trying to look dignified, but that mist keeps ruffling my tail.,,
audio_1253|I am trying to look dignified, but that rain keeps ruffling my tail.,,
audio_1254|I could act mysterious right now, but honestly I am mostly thinking about berry.,,
audio_1255|I could act mysterious right now, but honestly I am mostly thinking about peanut.,,
audio_1256|I could be brave about this, but I would rather be comfortable first.,,
audio_1257|I feel unusually calm whenever the blue light starts blinking.,,,
audio_1258|I feel unusually happy whenever the golden light starts blinking.,,,
audio_1259|I feel unusually nervous whenever the white light starts blinking.,,,
audio_1260|I have questions and very little patience.,,,
audio_1261|I knew that button looked mischievous.,,,
audio_1262|I refuse to be upstaged by a toaster.,,,
audio_1263|I was prepared to be patient until I saw the green button, and then all discipline vanished.,,
audio_1264|I was prepared to be patient until I saw the red perch, and then all discipline vanished.,,
audio_1265|I was prepared to be patient until I saw the silver battery, and then all discipline vanished.,,
audio_1266|I would deliver this message more cheerfully with a piece of almond.,,,
audio_1267|I would deliver this message more cheerfully with a piece of banana chip.,,,
audio_1268|I would deliver this message more cheerfully with a piece of berry.,,,
audio_1269|I would deliver this message more cheerfully with a piece of biscuit.,,,
audio_1270|I would deliver this message more cheerfully with a piece of cracker.,,,
audio_1271|I would deliver this message more cheerfully with a piece of peanut.,,,
audio_1272|I would deliver this message more cheerfully with a piece of sunflower seed.,,,
audio_1273|I would like a cracker and a compliment.,,,
audio_1274|I would like it noted that I remained calm, observant, and only a tiny bit dramatic during the whole incident.,
audio_1275|It is hard to stay serious when Jamie keeps laughing near the desk.,,,
audio_1276|It is hard to stay serious when Morgan keeps laughing near the bookshelf.,,,
audio_1277|It is hard to stay serious when Morgan keeps laughing near the workshop.,,,
audio_1278|My feathers become wonderfully brave when the sun reaches the balcony.,,,
audio_1279|My feathers become wonderfully cheeky when the sun reaches the garage.,,,
audio_1280|My feathers become wonderfully clever when the sun reaches the desk.,,,
audio_1281|My feathers become wonderfully mighty when the sun reaches the rooftop.,,,
audio_1282|My feathers look magnificent today.,,,
audio_1283|No offence to the others, but I am clearly the most interesting thing in this room.,,
audio_1284|Nothing improves morale like a tidy bookshelf, a full snack dish, and praise for my remarkably mighty feathers.,
audio_1285|Nothing improves morale like a tidy desk, a full snack dish, and praise for my remarkably tiny feathers.,
audio_1286|Nothing improves morale like a tidy garden, a full snack dish, and praise for my remarkably brave feathers.,
audio_1287|Nothing improves morale like a tidy garden, a full snack dish, and praise for my remarkably cheeky feathers.,
audio_1288|Nothing improves morale like a tidy kitchen, a full snack dish, and praise for my remarkably sparkly feathers.,
audio_1289|Nothing improves morale like a tidy window, a full snack dish, and praise for my remarkably curious feathers.,
audio_1290|Nothing improves morale like a tidy window, a full snack dish, and praise for my remarkably sparkly feathers.,
audio_1291|Nothing improves morale like a tidy workshop, a full snack dish, and praise for my remarkably brave feathers.,
audio_1292|Nothing improves morale like a tidy workshop, a full snack dish, and praise for my remarkably sparkly feathers.,
audio_1293|Please admire my excellent posture.,,,
audio_1294|That battery has been staring at me all morning, and I do not trust it.,,
audio_1295|That screw has been staring at me all morning, and I do not trust it.,,
audio_1296|That sparkle was far too tempting to ignore.,,,
audio_1297|That was suspiciously quiet.,,,
audio_1298|The moment I heard the tin open, all other priorities vanished instantly.,,
audio_1299|This is my official curious face.,,,
audio_1300|When the room gets this quiet, even my most ordinary thoughts start to sound important and theatrical.,,
audio_1301|Hello.,,,
audio_1302|Again.,,,
audio_1303|Careful.,,,
audio_1304|Hungry.,,,
audio_1305|Ready.,,,
audio_1306|Warning.,,,
audio_1307|Quiet.,,,
audio_1308|Look.,,,
audio_1309|Landing.,,,
audio_1310|Sparkles.,,,
audio_1311|Feathers.,,,
audio_1312|Bananas.,,,
audio_1313|Battery.,,,
audio_1314|Signal.,,,
audio_1315|Incoming.,,,
audio_1316|Approved.,,,
audio_1317|Denied.,,,
audio_1318|Maybe.,,,
audio_1319|Brilliant.,,,
audio_1320|Excellent.,,,
audio_1321|Wonderful.,,,
audio_1322|Sorry.,,,
audio_1323|Listen.,,,
audio_1324|Stop.,,,
audio_1325|Go.,,,
audio_1326|Wait.,,,
audio_1327|Faster.,,,
audio_1328|Slower.,,,
audio_1329|Louder.,,,
audio_1330|Softer.,,,
audio_1331|Steady.,,,
audio_1332|Alert.,,,
audio_1333|Shiny.,,,
audio_1334|Water.,,,
audio_1335|Perch.,,,
audio_1336|Cracker.,,,
audio_1337|Seeds.,,,
audio_1338|Mission.,,,
audio_1339|Clear.,,,
audio_1340|Secure.,,,
audio_1341|Friendly.,,,
audio_1342|Curious.,,,
audio_1343|Sleepy.,,,
audio_1344|Playful.,,,
audio_1345|Clever.,,,
audio_1346|Cheeky.,,,
audio_1347|Gentle.,,,
audio_1348|Noisy.,,,
audio_1349|Tiny.,,,
audio_1350|Mighty.,,,
audio_1351|Open up.,,,
audio_1352|Look out.,,,
audio_1353|Stay still.,,,
audio_1354|Try again.,,,
audio_1355|Come here.,,,
audio_1356|All clear.,,,
audio_1357|Battery low.,,,
audio_1358|Good bird.,,,
audio_1359|Move over.,,,
audio_1360|Be careful.,,,
audio_1361|Stand by.,,,
audio_1362|Hold tight.,,,
audio_1363|Keep still.,,,
audio_1364|Listen up.,,,
audio_1365|Wake up.,,,
audio_1366|Slow down.,,,
audio_1367|Hurry up.,,,
audio_1368|Come back.,,,
audio_1369|Sit tight.,,,
audio_1370|Stay calm.,,,
audio_1371|Watch this.,,,
audio_1372|Look here.,,,
audio_1373|Right there.,,,
audio_1374|Not now.,,,
audio_1375|Try later.,,,
audio_1376|Too noisy.,,,
audio_1377|Very shiny.,,,
audio_1378|Much better.,,,
audio_1379|Quite lovely.,,,
audio_1380|Pretty good.,,,
audio_1381|Nicely done.,,,
audio_1382|All done.,,,
audio_1383|Almost there.,,,
audio_1384|Keep going.,,,
audio_1385|Well done.,,,
audio_1386|Be gentle.,,,
audio_1387|Stay close.,,,
audio_1388|Look sharp.,,,
audio_1389|Quiet please.,,,
audio_1390|Open wide.,,,
audio_1391|Mind feathers.,,,
audio_1392|Battery ready.,,,
audio_1393|Signal steady.,,,
audio_1394|Landing now.,,,
audio_1395|Snack time.,,,
audio_1396|Need water.,,,
audio_1397|Need snacks.,,,
audio_1398|Area secure.,,,
audio_1399|Mission ready.,,,
audio_1400|System ready.,,,
audio_1401|Mind the feathers.,,,
audio_1402|Open the window.,,,
audio_1403|Please be careful.,,,
audio_1404|The battery is low.,,,
audio_1405|Somebody is here.,,,
audio_1406|That looks shiny.,,,
audio_1407|I need water.,,,
audio_1408|I hear footsteps.,,,
audio_1409|Please stay still.,,,
audio_1410|Come back here.,,,
audio_1411|Watch your fingers.,,,
audio_1412|Close the curtain.,,,
audio_1413|Check the sensor.,,,
audio_1414|Charge the battery.,,,
audio_1415|Pass the biscuit.,,,
audio_1416|Keep your balance.,,,
audio_1417|That was smooth.,,,
audio_1418|This is better.,,,
audio_1419|The room is quiet.,,,
audio_1420|The hallway is clear.,,,
audio_1421|Open the hatch.,,,
audio_1422|Hold the lever.,,,
audio_1423|Check the signal.,,,
audio_1424|Keep it steady.,,,
audio_1425|Please move slowly.,,,
audio_1426|That feels strange.,,,
audio_1427|The perch wobbles.,,,
audio_1428|That snack is mine.,,,
audio_1429|Please try again.,,,
audio_1430|I am ready.,,,
audio_1431|Please look up.,,,
audio_1432|Please look down.,,,
audio_1433|The light changed.,,,
audio_1434|The switch moved.,,,
audio_1435|The cable slipped.,,,
audio_1436|The panel blinked.,,,
audio_1437|The fan stopped.,,,
audio_1438|I heard tapping.,,,
audio_1439|I heard laughter.,,,
audio_1440|I smell toast.,,,
audio_1441|Where are you?,,,
audio_1442|What was that?,,,
audio_1443|Who is there?,,,
audio_1444|Are you ready?,,,
audio_1445|Can you hear?,,,
audio_1446|Did you see?,,,
audio_1447|Should I wait?,,,
audio_1448|Is it clear?,,,
audio_1449|Is that mine?,,,
audio_1450|Do we stop?,,,
audio_1451|May I perch?,,,
audio_1452|Need a hand?,,,
audio_1453|Can I help?,,,
audio_1454|Is it raining?,,,
audio_1455|Do you agree?,,,
audio_1456|Should we go?,,,
audio_1457|Will it work?,,,
audio_1458|Is lunch ready?,,,
audio_1459|Was that thunder?,,,
audio_1460|Did it move?,,,
audio_1461|What a landing!,,,
audio_1462|Mind the cable!,,,
audio_1463|Open it now!,,,
audio_1464|That was brilliant!,,,
audio_1465|Clear the runway!,,,
audio_1466|Watch out below!,,,
audio_1467|Here comes trouble!,,,
audio_1468|Everybody stay calm!,,,
audio_1469|That is mine!,,,
audio_1470|Please be quick!,,,
audio_1471|No more waiting!,,,
audio_1472|Keep that steady!,,,
audio_1473|That was close!,,,
audio_1474|Look at that!,,,
audio_1475|Open the box!,,,
audio_1476|Please stop that!,,,
audio_1477|Do not wobble!,,,
audio_1478|That is shiny!,,,
audio_1479|Easy does it!,,,
audio_1480|Stand clear now!,,,
audio_1481|Battery at ten percent.,,,
audio_1482|Signal at fifty percent.,,,
audio_1483|Timer set for two minutes.,,,
audio_1484|Please wait five seconds.,,,
audio_1485|It is half past eight.,,,
audio_1486|The temperature is twenty degrees.,,,
audio_1487|The distance is three metres.,,,
audio_1488|Channel four is active.,,,
audio_1489|Checkpoint two is complete.,,,
audio_1490|Version two is ready.,,,
audio_1491|I am feeling brave.,,,
audio_1492|I am feeling hungry.,,,
audio_1493|I am feeling curious.,,,
audio_1494|I am feeling sleepy.,,,
audio_1495|That button looks suspicious.,,,
audio_1496|That switch looks tempting.,,,
audio_1497|My feathers look magnificent.,,,
audio_1498|This is my curious face.,,,
audio_1499|Please admire my posture.,,,
audio_1500|I would like snacks.,,,
